<?xml version="1.0" encoding="UTF-8"?>
<document xmlns="http://www.kinoma.com/fskin/1">
<code>
    <function id="trace" params="message">
        if (!this.hasOwnProperty('logno'))
            this.logno = 0;
        if (!this.hasOwnProperty('driveroot'))
            this.driveroot = 'b:';
        this.logfile = new Stream.File(this.driveroot+"/autorun_log."+this.logno, 1, 0);
        this.logfile.writeString(message);
        this.logfile.close();
        this.logno++;
    </function>
    <function id="runJs" params="path,target">
        //this.trace("running script "+path+"\n");
        try {
            var f = new Stream.File(path);
            var fn = new Function("target", f.toString(), path, 1);
            fn(target);
            delete fn;
        }
        catch(e)
        {
           this.trace("error running script "+path+": "+e.toString()+"\n");
        }
    </function>
    <function id="loadScript">
        if (!this.hasOwnProperty('_scriptLoaded'))
            this._scriptLoaded = false;
        if (!this._scriptLoaded)
        {
            var path = kbook.autoRunRoot.path;
            var index = path.lastIndexOf('/');
            if (index > 0)
               path = path.substring(0, index + 1);
            this.driveroot = path.substring(0,2);
            var target = this.AUTORUN_GROUP.AUTORUN;
            target.driveroot = this.driveroot;
            this.runJs(path+"autorun.js",target);
        }
        this._scriptLoaded = true;
    </function>
    <function id="modelChanged">
        //this.trace("[autorun] modelChanged enter\n");
        arguments.callee.grammar.call(this);
        var state = this.getVariable("STATE");
        var target;
        //this.trace("[autorun] state="+state+"\n");
        if (this.state != state) {
            this.focus(true)
            this.AUTORUN_GROUP.show(false)
            switch(state) {
            case "AUTORUN":
                this.loadScript();
                this.AUTORUN_GROUP.show(true);
                target = this.AUTORUN_GROUP.AUTORUN
                break;
            }
            this.state = state;
            if (target.isEnabled())
                target.focus(true)
        }
        //this.trace("[autorun] modelChanged exit\n");
    </function>
</code>
<clock/>
<group id="AUTORUN_GROUP" left="0" right="0" top="0" bottom="0" visible="false">
    <panel skin="kbookReset" left="0" right="0" top="0" bottom="0"/>
    <sprite skin="hard-reset" left="0" width="70" top="0" height="70" active="false"/>
    <kbookLabel skin="title" left="70" right="0" top="0" height="70" align="left" text="Run script"/>
    <group id="AUTORUN" width="600" top="70" bottom="30">
        <code>
            <function id="doDigit" params="part"><![CDATA[
                //this.trace("[autorun] doDigit"+part.key+"\n");
                var id = 'doDigit'+part.key;
                if (this.hasOwnProperty(id))
                    this[id]();
                else
                    this.getModel().doDigit(part);
            ]]></function>
            <function id="screenshot"> <![CDATA[
                 if (!this.hasOwnProperty('ss_num'))
                    this.ss_num = 100;
                 try {
                    this.sfile = new Stream.File(this.driveroot + "/screen" + this.ss_num + ".jpg", 1, 0);
                    this.container.getWindow().getBitmap().writeJPEG(this.sfile);
                    this.sfile.close();
                    this.ss_num++;
                 } catch (e) {}
           ]]></function> 
            <function id="doMenu">
                // this.trace("[autorun] doMenu\n");
                // this.bubble("doNoHardReset");
                kbook.autoRunRoot.exitIf(kbook.model);
            </function>
            <function id="doSize">
                this.doDigit3();
                ebook.setExitCode(7);
                this.container.getWindow().doQuit();
            </function>
            <function id="doOption">
                this.doDigit5();
            </function>
            <function id="doSearch">
                this.screenshot ();
            </function>
        </code>
        <sprite skin="diskSprite" id="DANGER" width="140" top="0" height="140" u="6" active="false" canFocus="true"/>
        <text active="false" id="MSGTEXT" left="0" right="0" top="140" height="300" value="Press 5 to run the script&#13;Press MENU to exit"/>
        <!--kbookLabel variable="MSGTEXT" skin="message" left="0" right="0" top="140" height="50" align="center" text="Press 5 to run the script, MENU to exit"/-->
        <!--kbookLabel skin="message" left="0" right="0" top="190" height="50" align="center" text="all content, restore all"/>
        <kbookLabel skin="message" left="0" right="0" top="240" height="50" align="center" text="factory settings, and"/>
        <kbookLabel skin="message" left="0" right="0" top="290" height="50" align="center" text="remove the CONNECT ID?"/>
        <kbookLabel skin="message" left="0" right="0" top="340" height="50" align="center" text="Yes - Press 5"/>
        <kbookLabel skin="message" left="0" right="0" top="390" height="50" align="center" text="No - Press MENU"/-->
    </group>
    <kbookLabel left="210" right="210" height="30" bottom="0" align="center" text="1 of 1"/>
</group>
</document>
